{
    "group": "Broadcast Resolutions",
    "items": [
        {
            "separator": true,
            "separator_name": "+ ----------- High Definition -------------------- +",
            "items": [
                {
                    "resolution_name": "1280 x 720 | HD 720 16:9",
                    "width": 1280,
                    "height": 720,
                    "storage_aspect_ratio": 1.7777778,
                    "display_aspect_ratio": 1.7777778,
                    "pixel_aspect_ratio": 1.0,
                    "projekt_aspect_ratio": 1.7777778,
                    "aspect_ratio": 1.7777778
                },
                {
                    "resolution_name": "1920 x 1080 | HD 1080 16:9",
                    "width": 1920,
                    "height": 1080,
                    "storage_aspect_ratio": 1.7777778,
                    "display_aspect_ratio": 1.7777778,
                    "pixel_aspect_ratio": 1.0,
                    "projekt_aspect_ratio": 1.7777778,
                    "aspect_ratio": 1.7777778
                },
                {
                    "resolution_name": "3840 x 2160 | UHDTV 4K 16:9",
                    "width": 3840,
                    "height": 2160,
                    "storage_aspect_ratio": 1.7777778,
                    "display_aspect_ratio": 1.7777778,
                    "pixel_aspect_ratio": 1.0,
                    "projekt_aspect_ratio": 1.7777778,
                    "aspect_ratio": 1.7777778
                },
                {
                    "resolution_name": "7680 x 4320 | UHDTV 8K 16:9",
                    "width": 7680,
                    "height": 4320,
                    "storage_aspect_ratio": 1.7777778,
                    "display_aspect_ratio": 1.7777778,
                    "pixel_aspect_ratio": 1.0,
                    "projekt_aspect_ratio": 1.7777778,
                    "aspect_ratio": 1.7777778
                },
                {
                    "resolution_name": "15360 x 8640 | UHDTV 16K 16:9",
                    "width": 15360,
                    "height": 8640,
                    "storage_aspect_ratio": 1.7777778,
                    "display_aspect_ratio": 1.7777778,
                    "pixel_aspect_ratio": 1.0,
                    "projekt_aspect_ratio": 1.7777778,
                    "aspect_ratio": 1.7777778
                }
            ]
        }
    ]
}