{
    "group": "RED Camera Resolutions",
    "items": [
        {
            "separator": true,
            "separator_name": "+ ----------- RED 2.5K - Anamorphic -------------- +",
            "items": [
                {
                    "resolution_name": "2304 x 1296 | RED 2.5K 16:9 Ana 1.3x",
                    "width": 2304,
                    "height": 1296,
                    "storage_aspect_ratio": 1.7777778,
                    "display_aspect_ratio": 2.3111111,
                    "pixel_aspect_ratio": 1.3,
                    "aspect_ratio": 2.3111111
                },
                {
                    "resolution_name": "2400 x 1600 | RED 2.5K 3:2 Ana 1.3x",
                    "width": 2400,
                    "height": 1600,
                    "storage_aspect_ratio": 1.5,
                    "display_aspect_ratio": 1.95,
                    "pixel_aspect_ratio": 1.3,
                    "aspect_ratio": 1.95
                },
                {
                    "resolution_name": "2400 x 1800 | RED 2.5K 4:3 Ana 1.3x",
                    "width": 2400,
                    "height": 1800,
                    "storage_aspect_ratio": 1.3333333,
                    "display_aspect_ratio": 1.7333333,
                    "pixel_aspect_ratio": 1.3,
                    "aspect_ratio": 1.7333333
                },
                {
                    "resolution_name": "2400 x 1920 | RED 2.5K 5:4 Ana 1.3x",
                    "width": 2400,
                    "height": 1920,
                    "storage_aspect_ratio": 1.25,
                    "display_aspect_ratio": 1.625,
                    "pixel_aspect_ratio": 1.3,
                    "aspect_ratio": 1.625
                },
                {
                    "resolution_name": "2560 x 320 | RED 2.5K 8:1 Ana 1.3x",
                    "width": 2560,
                    "height": 320,
                    "storage_aspect_ratio": 8.0,
                    "display_aspect_ratio": 10.4,
                    "pixel_aspect_ratio": 1.3,
                    "aspect_ratio": 10.4
                },
                {
                    "resolution_name": "2560 x 640 | RED 2.5K 4:1 Ana 1.3x",
                    "width": 2560,
                    "height": 640,
                    "storage_aspect_ratio": 4.0,
                    "display_aspect_ratio": 5.2,
                    "pixel_aspect_ratio": 1.3,
                    "aspect_ratio": 5.2
                },
                {
                    "resolution_name": "2560 x 1080 | RED 2.5K 2.37 WS Ana 1.3x",
                    "width": 2560,
                    "height": 1080,
                    "storage_aspect_ratio": 2.3703704,
                    "display_aspect_ratio": 3.0814815,
                    "pixel_aspect_ratio": 1.3,
                    "aspect_ratio": 3.0814815
                },
                {
                    "resolution_name": "2560 x 1280 | RED 2.5K 2:1 Ana 1.3x",
                    "width": 2560,
                    "height": 1280,
                    "storage_aspect_ratio": 2.0,
                    "display_aspect_ratio": 2.6,
                    "pixel_aspect_ratio": 1.3,
                    "aspect_ratio": 2.6
                },
                {
                    "resolution_name": "2560 x 1340 | RED 2.5K Full Ana 1.3x",
                    "width": 2560,
                    "height": 1340,
                    "storage_aspect_ratio": 1.9104478,
                    "display_aspect_ratio": 2.4835821,
                    "pixel_aspect_ratio": 1.3,
                    "aspect_ratio": 2.4835821
                },
                {
                    "resolution_name": "2304 x 1296 | RED 2.5K 16:9 Ana 2.0x",
                    "width": 2304,
                    "height": 1296,
                    "storage_aspect_ratio": 1.7777778,
                    "display_aspect_ratio": 3.5555556,
                    "pixel_aspect_ratio": 2.0,
                    "aspect_ratio": 3.5555556
                },
                {
                    "resolution_name": "2400 x 1600 | RED 2.5K 3:2 Ana 2.0x",
                    "width": 2400,
                    "height": 1600,
                    "storage_aspect_ratio": 1.5,
                    "display_aspect_ratio": 3.0,
                    "pixel_aspect_ratio": 2.0,
                    "aspect_ratio": 3.0
                },
                {
                    "resolution_name": "2400 x 1800 | RED 2.5K 4:3 Ana 2.0x",
                    "width": 2400,
                    "height": 1800,
                    "storage_aspect_ratio": 1.3333333,
                    "display_aspect_ratio": 2.6666667,
                    "pixel_aspect_ratio": 2.0,
                    "aspect_ratio": 2.6666667
                },
                {
                    "resolution_name": "2400 x 1920 | RED 2.5K 5:4 Ana 2.0x",
                    "width": 2400,
                    "height": 1920,
                    "storage_aspect_ratio": 1.25,
                    "display_aspect_ratio": 2.5,
                    "pixel_aspect_ratio": 2.0,
                    "aspect_ratio": 2.5
                },
                {
                    "resolution_name": "2560 x 320 | RED 2.5K 8:1 Ana 2.0x",
                    "width": 2560,
                    "height": 320,
                    "storage_aspect_ratio": 8.0,
                    "display_aspect_ratio": 16.0,
                    "pixel_aspect_ratio": 2.0,
                    "aspect_ratio": 16.0
                },
                {
                    "resolution_name": "2560 x 640 | RED 2.5K 4:1 Ana 2.0x",
                    "width": 2560,
                    "height": 640,
                    "storage_aspect_ratio": 4.0,
                    "display_aspect_ratio": 8.0,
                    "pixel_aspect_ratio": 2.0,
                    "aspect_ratio": 8.0
                },
                {
                    "resolution_name": "2560 x 1080 | RED 2.5K 2.37 WS Ana 2.0x",
                    "width": 2560,
                    "height": 1080,
                    "storage_aspect_ratio": 2.3703704,
                    "display_aspect_ratio": 4.7407407,
                    "pixel_aspect_ratio": 2.0,
                    "aspect_ratio": 4.7407407
                },
                {
                    "resolution_name": "2560 x 1280 | RED 2.5K 2:1 Ana 2.0x",
                    "width": 2560,
                    "height": 1280,
                    "storage_aspect_ratio": 2.0,
                    "display_aspect_ratio": 4.0,
                    "pixel_aspect_ratio": 2.0,
                    "aspect_ratio": 4.0
                },
                {
                    "resolution_name": "2560 x 1340 | RED 2.5K Full Ana 2.0x",
                    "width": 2560,
                    "height": 1340,
                    "storage_aspect_ratio": 1.9104478,
                    "display_aspect_ratio": 3.8208955,
                    "pixel_aspect_ratio": 2.0,
                    "aspect_ratio": 3.8208955
                }
            ]
        }
    ]
}