{
    "group": "Z CAM Camera Resolutions",
    "items": [
        {
            "separator": true,
            "separator_name": "+ ----------- Z CAM Cameras ---------------------- +",
            "items": [
                {
                    "resolution_name": "840 x 480 | Z CAM 480p",
                    "width": 840,
                    "height": 480,
                    "storage_aspect_ratio": 1.75,
                    "display_aspect_ratio": 1.75,
                    "pixel_aspect_ratio": 1.0,
                    "aspect_ratio": 1.75
                },
                {
                    "resolution_name": "1280 x 720 | Z CAM 720p 16:9",
                    "width": 1280,
                    "height": 720,
                    "storage_aspect_ratio": 1.7777778,
                    "display_aspect_ratio": 1.7777778,
                    "pixel_aspect_ratio": 1.0,
                    "aspect_ratio": 1.7777778
                },
                {
                    "resolution_name": "1920 x 1080 | Z CAM 1080p 16:9",
                    "width": 1920,
                    "height": 1080,
                    "storage_aspect_ratio": 1.7777778,
                    "display_aspect_ratio": 1.7777778,
                    "pixel_aspect_ratio": 1.0,
                    "aspect_ratio": 1.7777778
                },
                {
                    "resolution_name": "1920 x 1440 | Z CAM 1440p 4:3",
                    "width": 1920,
                    "height": 1440,
                    "storage_aspect_ratio": 1.3333333,
                    "display_aspect_ratio": 1.3333333,
                    "pixel_aspect_ratio": 1.0,
                    "aspect_ratio": 1.3333333
                },
                {
                    "resolution_name": "1920 x 1920 | Z CAM 1920p 1:1",
                    "width": 1920,
                    "height": 1920,
                    "storage_aspect_ratio": 1.0,
                    "display_aspect_ratio": 1.0,
                    "pixel_aspect_ratio": 1.0,
                    "aspect_ratio": 1.0
                },
                {
                    "resolution_name": "2704 x 1600 | Z CAM 2.7K",
                    "width": 2704,
                    "height": 1600,
                    "storage_aspect_ratio": 1.69,
                    "display_aspect_ratio": 1.69,
                    "pixel_aspect_ratio": 1.0,
                    "aspect_ratio": 1.69
                },
                {
                    "resolution_name": "2880 x 2160 | Z CAM 2.8K 4:3",
                    "width": 2880,
                    "height": 2160,
                    "storage_aspect_ratio": 1.3333333,
                    "display_aspect_ratio": 1.3333333,
                    "pixel_aspect_ratio": 1.0,
                    "aspect_ratio": 1.3333333
                },
                {
                    "resolution_name": "2880 x 2880 | Z CAM 2.8K 1:1",
                    "width": 2880,
                    "height": 2880,
                    "storage_aspect_ratio": 1.0,
                    "display_aspect_ratio": 1.0,
                    "pixel_aspect_ratio": 1.0,
                    "aspect_ratio": 1.0
                },
                {
                    "resolution_name": "3312 x 2760 | Z CAM 3.3K 6:5",
                    "width": 3312,
                    "height": 2760,
                    "storage_aspect_ratio": 1.2,
                    "display_aspect_ratio": 1.2,
                    "pixel_aspect_ratio": 1.0,
                    "aspect_ratio": 1.2
                },
                {
                    "resolution_name": "3696 x 2772 | Z CAM 3.6K 4:3",
                    "width": 3696,
                    "height": 2772,
                    "storage_aspect_ratio": 1.3333333,
                    "display_aspect_ratio": 1.3333333,
                    "pixel_aspect_ratio": 1.0,
                    "aspect_ratio": 1.3333333
                },
                {
                    "resolution_name": "3840 x 1620 | Z CAM 4K 2.4:1",
                    "width": 3840,
                    "height": 1620,
                    "storage_aspect_ratio": 2.3703704,
                    "display_aspect_ratio": 2.3703704,
                    "pixel_aspect_ratio": 1.0,
                    "aspect_ratio": 2.3703704
                },
                {
                    "resolution_name": "3840 x 2160 | Z CAM 4K UHD",
                    "width": 3840,
                    "height": 2160,
                    "storage_aspect_ratio": 1.7777778,
                    "display_aspect_ratio": 1.7777778,
                    "pixel_aspect_ratio": 1.0,
                    "aspect_ratio": 1.7777778
                },
                {
                    "resolution_name": "4096 x 1728 | Z CAM 4K 2.4:1",
                    "width": 4096,
                    "height": 1728,
                    "storage_aspect_ratio": 2.3703704,
                    "display_aspect_ratio": 2.3703704,
                    "pixel_aspect_ratio": 1.0,
                    "aspect_ratio": 2.3703704
                },
                {
                    "resolution_name": "4096 x 2160 | Z CAM 4K DCI",
                    "width": 4096,
                    "height": 2160,
                    "storage_aspect_ratio": 1.8962963,
                    "display_aspect_ratio": 1.8962963,
                    "pixel_aspect_ratio": 1.0,
                    "aspect_ratio": 1.8962963
                },
                {
                    "resolution_name": "4848 x 4040 | Z CAM 5K 6:5",
                    "width": 4848,
                    "height": 4040,
                    "storage_aspect_ratio": 1.2,
                    "display_aspect_ratio": 1.2,
                    "pixel_aspect_ratio": 1.0,
                    "aspect_ratio": 1.2
                },
                {
                    "resolution_name": "4992 x 4160 | Z CAM 5K 6:5",
                    "width": 4992,
                    "height": 4160,
                    "storage_aspect_ratio": 1.2,
                    "display_aspect_ratio": 1.2,
                    "pixel_aspect_ratio": 1.0,
                    "aspect_ratio": 1.2
                },
                {
                    "resolution_name": "5376 x 4032 | Z CAM 5K 4:3",
                    "width": 5376,
                    "height": 4032,
                    "storage_aspect_ratio": 1.3333333,
                    "display_aspect_ratio": 1.3333333,
                    "pixel_aspect_ratio": 1.0,
                    "aspect_ratio": 1.3333333
                },
                {
                    "resolution_name": "5552 x 4164 | Z CAM 5K 4:3",
                    "width": 5552,
                    "height": 4164,
                    "storage_aspect_ratio": 1.3333333,
                    "display_aspect_ratio": 1.3333333,
                    "pixel_aspect_ratio": 1.0,
                    "aspect_ratio": 1.3333333
                },
                {
                    "resolution_name": "5760 x 3240 | Z CAM 6K UHD",
                    "width": 5760,
                    "height": 3240,
                    "storage_aspect_ratio": 1.7777778,
                    "display_aspect_ratio": 1.7777778,
                    "pixel_aspect_ratio": 1.0,
                    "aspect_ratio": 1.7777778
                },
                {
                    "resolution_name": "6064 x 2560 | Z CAM 6K 2.4:1",
                    "width": 6064,
                    "height": 2560,
                    "storage_aspect_ratio": 2.36875,
                    "display_aspect_ratio": 2.36875,
                    "pixel_aspect_ratio": 1.0,
                    "aspect_ratio": 2.36875
                },
                {
                    "resolution_name": "6064 x 3196 | Z CAM 6K DCI",
                    "width": 6064,
                    "height": 3196,
                    "storage_aspect_ratio": 1.8973717,
                    "display_aspect_ratio": 1.8973717,
                    "pixel_aspect_ratio": 1.0,
                    "aspect_ratio": 1.8973717
                },
                {
                    "resolution_name": "6064 x 4040 | Z CAM Open Gate",
                    "width": 6064,
                    "height": 4040,
                    "storage_aspect_ratio": 1.5009901,
                    "display_aspect_ratio": 1.5009901,
                    "pixel_aspect_ratio": 1.0,
                    "aspect_ratio": 1.5009901
                },
                {
                    "resolution_name": "6144 x 2592 | Z CAM 6K 2.4:1",
                    "width": 6144,
                    "height": 2592,
                    "storage_aspect_ratio": 2.3703704,
                    "display_aspect_ratio": 2.3703704,
                    "pixel_aspect_ratio": 1.0,
                    "aspect_ratio": 2.3703704
                },
                {
                    "resolution_name": "6144 x 3240 | Z CAM 6K DCI",
                    "width": 6144,
                    "height": 3240,
                    "storage_aspect_ratio": 1.8962963,
                    "display_aspect_ratio": 1.8962963,
                    "pixel_aspect_ratio": 1.0,
                    "aspect_ratio": 1.8962963
                },
                {
                    "resolution_name": "6144 x 4096 | Z CAM Open Gate",
                    "width": 6144,
                    "height": 4096,
                    "storage_aspect_ratio": 1.5,
                    "display_aspect_ratio": 1.5,
                    "pixel_aspect_ratio": 1.0,
                    "aspect_ratio": 1.5
                },
                {
                    "resolution_name": "6244 x 4168 | Z CAM Open Gate",
                    "width": 6244,
                    "height": 4168,
                    "storage_aspect_ratio": 1.4980806,
                    "display_aspect_ratio": 1.4980806,
                    "pixel_aspect_ratio": 1.0,
                    "aspect_ratio": 1.4980806
                },
                {
                    "resolution_name": "7680 x 4320 | Z CAM 8K UHD",
                    "width": 7680,
                    "height": 4320,
                    "storage_aspect_ratio": 1.7777778,
                    "display_aspect_ratio": 1.7777778,
                    "pixel_aspect_ratio": 1.0,
                    "aspect_ratio": 1.7777778
                },
                {
                    "resolution_name": "8192 x 3456 | Z CAM 8K 2.4:1",
                    "width": 8192,
                    "height": 3456,
                    "storage_aspect_ratio": 2.3703704,
                    "display_aspect_ratio": 2.3703704,
                    "pixel_aspect_ratio": 1.0,
                    "aspect_ratio": 2.3703704
                }
            ]
        }
    ]
}