{
    "group": "RED Camera Resolutions",
    "items": [
        {
            "separator": true,
            "separator_name": "+ ----------- RED 1K - Spherical ----------------- +",
            "items": [
                {
                    "resolution_name": "1280 x 480 | RED 1K 2.66 WS",
                    "width": 1296,
                    "height": 480,
                    "storage_aspect_ratio": 2.7,
                    "display_aspect_ratio": 2.7,
                    "pixel_aspect_ratio": 1.0,
                    "aspect_ratio": 2.7
                },
                {
                    "resolution_name": "1280 x 720 | RED 1K 16:9",
                    "width": 1296,
                    "height": 720,
                    "storage_aspect_ratio": 1.8,
                    "display_aspect_ratio": 1.8,
                    "pixel_aspect_ratio": 1.0,
                    "aspect_ratio": 1.8
                }
            ]
        }
    ]
}