{
    "group": "RED Camera Resolutions",
    "items": [
        {
            "separator": true,
            "separator_name": "+ ----------- RED 4.5K - Anamorphic -------------- +",
            "items": [
                {
                    "resolution_name": "4224 x 2376 | RED 4.5K 16:9 Ana 1.3x",
                    "width": 4224,
                    "height": 2376,
                    "storage_aspect_ratio": 1.7777778,
                    "display_aspect_ratio": 2.3111111,
                    "pixel_aspect_ratio": 1.3,
                    "aspect_ratio": 2.3111111
                },
                {
                    "resolution_name": "4320 x 2376 | RED 4.5K HD Ana 1.3x",
                    "width": 4320,
                    "height": 2376,
                    "storage_aspect_ratio": 1.8181818,
                    "display_aspect_ratio": 2.3636364,
                    "pixel_aspect_ratio": 1.3,
                    "aspect_ratio": 2.3636364
                },
                {
                    "resolution_name": "4320 x 2880 | RED 4.5K 3:2 Ana 1.3x",
                    "width": 4320,
                    "height": 2880,
                    "storage_aspect_ratio": 1.5,
                    "display_aspect_ratio": 1.95,
                    "pixel_aspect_ratio": 1.3,
                    "aspect_ratio": 1.95
                },
                {
                    "resolution_name": "4320 x 3240 | RED 4.5K 4:5 Ana 1.3x",
                    "width": 4320,
                    "height": 3240,
                    "storage_aspect_ratio": 1.3333333,
                    "display_aspect_ratio": 1.7333333,
                    "pixel_aspect_ratio": 1.3,
                    "aspect_ratio": 1.7333333
                },
                {
                    "resolution_name": "4320 x 3456 | RED 4.5K 5:4 Ana 1.3x",
                    "width": 4320,
                    "height": 3456,
                    "storage_aspect_ratio": 1.25,
                    "display_aspect_ratio": 1.625,
                    "pixel_aspect_ratio": 1.3,
                    "aspect_ratio": 1.625
                },
                {
                    "resolution_name": "4480 x 1920 | RED 4.5K 2.33 WS Ana 1.3x",
                    "width": 4480,
                    "height": 1920,
                    "storage_aspect_ratio": 2.3333333,
                    "display_aspect_ratio": 3.0333333,
                    "pixel_aspect_ratio": 1.3,
                    "aspect_ratio": 3.0333333
                },
                {
                    "resolution_name": "4608 x 576 | RED 4.5K 8:1 Ana 1.3x",
                    "width": 4608,
                    "height": 576,
                    "storage_aspect_ratio": 8.0,
                    "display_aspect_ratio": 10.4,
                    "pixel_aspect_ratio": 1.3,
                    "aspect_ratio": 10.4
                },
                {
                    "resolution_name": "4608 x 1152 | RED 4.5K 4:1 Ana 1.3x",
                    "width": 4608,
                    "height": 1152,
                    "storage_aspect_ratio": 4.0,
                    "display_aspect_ratio": 5.2,
                    "pixel_aspect_ratio": 1.3,
                    "aspect_ratio": 5.2
                },
                {
                    "resolution_name": "4608 x 1944 | RED 4.5K 2.37 WS Ana 1.3x",
                    "width": 4608,
                    "height": 1944,
                    "storage_aspect_ratio": 2.3703704,
                    "display_aspect_ratio": 3.0814815,
                    "pixel_aspect_ratio": 1.3,
                    "aspect_ratio": 3.0814815
                },
                {
                    "resolution_name": "4608 x 2304 | RED 4.5K 2:1 Ana 1.3x",
                    "width": 4608,
                    "height": 2304,
                    "storage_aspect_ratio": 2.0,
                    "display_aspect_ratio": 2.6,
                    "pixel_aspect_ratio": 1.3,
                    "aspect_ratio": 2.6
                },
                {
                    "resolution_name": "4608 x 2412 | RED 4.5K Full Ana 1.3x",
                    "width": 4608,
                    "height": 2412,
                    "storage_aspect_ratio": 1.9104478,
                    "display_aspect_ratio": 2.4835821,
                    "pixel_aspect_ratio": 1.3,
                    "aspect_ratio": 2.4835821
                },
                {
                    "resolution_name": "4608 x 2432 | RED 4.5K Full Ana 1.3x",
                    "width": 4608,
                    "height": 2432,
                    "storage_aspect_ratio": 1.8947368,
                    "display_aspect_ratio": 2.4631579,
                    "pixel_aspect_ratio": 1.3,
                    "aspect_ratio": 2.4631579
                },
                {
                    "resolution_name": "4224 x 2376 | RED 4.5K 16:9 Ana 2.0x",
                    "width": 4224,
                    "height": 2376,
                    "storage_aspect_ratio": 1.7777778,
                    "display_aspect_ratio": 3.5555556,
                    "pixel_aspect_ratio": 2.0,
                    "aspect_ratio": 3.5555556
                },
                {
                    "resolution_name": "4320 x 2376 | RED 4.5K HD Ana 2.0x",
                    "width": 4320,
                    "height": 2376,
                    "storage_aspect_ratio": 1.8181818,
                    "display_aspect_ratio": 3.6363636,
                    "pixel_aspect_ratio": 2.0,
                    "aspect_ratio": 3.6363636
                },
                {
                    "resolution_name": "4320 x 2880 | RED 4.5K 3:2 Ana 2.0x",
                    "width": 4320,
                    "height": 2880,
                    "storage_aspect_ratio": 1.5,
                    "display_aspect_ratio": 3.0,
                    "pixel_aspect_ratio": 2.0,
                    "aspect_ratio": 3.0
                },
                {
                    "resolution_name": "4320 x 3240 | RED 4.5K 4:5 Ana 2.0x",
                    "width": 4320,
                    "height": 3240,
                    "storage_aspect_ratio": 1.3333333,
                    "display_aspect_ratio": 2.6666667,
                    "pixel_aspect_ratio": 2.0,
                    "aspect_ratio": 2.6666667
                },
                {
                    "resolution_name": "4320 x 3456 | RED 4.5K 5:4 Ana 2.0x",
                    "width": 4320,
                    "height": 3456,
                    "storage_aspect_ratio": 1.25,
                    "display_aspect_ratio": 2.5,
                    "pixel_aspect_ratio": 2.0,
                    "aspect_ratio": 2.5
                },
                {
                    "resolution_name": "4480 x 1920 | RED 4.5K 2.33 WS Ana 2.0x",
                    "width": 4480,
                    "height": 1920,
                    "storage_aspect_ratio": 2.3333333,
                    "display_aspect_ratio": 4.6666667,
                    "pixel_aspect_ratio": 2.0,
                    "aspect_ratio": 4.6666667
                },
                {
                    "resolution_name": "4608 x 576 | RED 4.5K 8:1 Ana 2.0x",
                    "width": 4608,
                    "height": 576,
                    "storage_aspect_ratio": 8.0,
                    "display_aspect_ratio": 16.0,
                    "pixel_aspect_ratio": 2.0,
                    "aspect_ratio": 16.0
                },
                {
                    "resolution_name": "4608 x 1152 | RED 4.5K 4:1 Ana 2.0x",
                    "width": 4608,
                    "height": 1152,
                    "storage_aspect_ratio": 4.0,
                    "display_aspect_ratio": 8.0,
                    "pixel_aspect_ratio": 2.0,
                    "aspect_ratio": 8.0
                },
                {
                    "resolution_name": "4608 x 1944 | RED 4.5K 2.37 WS Ana 2.0x",
                    "width": 4608,
                    "height": 1944,
                    "storage_aspect_ratio": 2.3703704,
                    "display_aspect_ratio": 4.7407407,
                    "pixel_aspect_ratio": 2.0,
                    "aspect_ratio": 4.7407407
                },
                {
                    "resolution_name": "4608 x 2304 | RED 4.5K 2:1 Ana 2.0x",
                    "width": 4608,
                    "height": 2304,
                    "storage_aspect_ratio": 2.0,
                    "display_aspect_ratio": 4.0,
                    "pixel_aspect_ratio": 2.0,
                    "aspect_ratio": 4.0
                },
                {
                    "resolution_name": "4608 x 2412 | RED 4.5K Full Ana 2.0x",
                    "width": 4608,
                    "height": 2412,
                    "storage_aspect_ratio": 1.9104478,
                    "display_aspect_ratio": 3.8208955,
                    "pixel_aspect_ratio": 2.0,
                    "aspect_ratio": 3.8208955
                },
                {
                    "resolution_name": "4608 x 2432 | RED 4.5K Full Ana 2.0x",
                    "width": 4608,
                    "height": 2432,
                    "storage_aspect_ratio": 1.8947368,
                    "display_aspect_ratio": 3.7894737,
                    "pixel_aspect_ratio": 2.0,
                    "aspect_ratio": 3.7894737
                }
            ]
        }
    ]
}