{
    "group": "RED Camera Resolutions",
    "items": [
        {
            "separator": true,
            "separator_name": "+ ----------- RED 6K - Spherical ----------------- +",
            "items": [
                {
                    "resolution_name": "3792 x 3160 | RED 6K 6:5",
                    "width": 3792,
                    "height": 3160,
                    "storage_aspect_ratio": 1.2,
                    "display_aspect_ratio": 1.2,
                    "pixel_aspect_ratio": 1.0,
                    "aspect_ratio": 1.2
                },
                {
                    "resolution_name": "3888 x 3240 | RED 6K 6:5",
                    "width": 3888,
                    "height": 3240,
                    "storage_aspect_ratio": 1.2,
                    "display_aspect_ratio": 1.2,
                    "pixel_aspect_ratio": 1.0,
                    "aspect_ratio": 1.2
                },
                {
                    "resolution_name": "4752 x 3160 | RED 6K 3:2",
                    "width": 4752,
                    "height": 3160,
                    "storage_aspect_ratio": 1.5037975,
                    "display_aspect_ratio": 1.5037975,
                    "pixel_aspect_ratio": 1.0,
                    "aspect_ratio": 1.5037975
                },
                {
                    "resolution_name": "5568 x 3132 | RED 6K 16:9",
                    "width": 5568,
                    "height": 3132,
                    "storage_aspect_ratio": 1.7777778,
                    "display_aspect_ratio": 1.7777778,
                    "pixel_aspect_ratio": 1.0,
                    "aspect_ratio": 1.7777778
                },
                {
                    "resolution_name": "5760 x 3240 | RED 6K 16:9",
                    "width": 5760,
                    "height": 3240,
                    "storage_aspect_ratio": 1.7777778,
                    "display_aspect_ratio": 1.7777778,
                    "pixel_aspect_ratio": 1.0,
                    "aspect_ratio": 1.7777778
                },
                {
                    "resolution_name": "5760 x 3840 | RED 6K 3:2",
                    "width": 5760,
                    "height": 3840,
                    "storage_aspect_ratio": 1.5,
                    "display_aspect_ratio": 1.5,
                    "pixel_aspect_ratio": 1.0,
                    "aspect_ratio": 1.5
                },
                {
                    "resolution_name": "5760 x 4320 | RED 6K 4:3",
                    "width": 5760,
                    "height": 4320,
                    "storage_aspect_ratio": 1.3333333,
                    "display_aspect_ratio": 1.3333333,
                    "pixel_aspect_ratio": 1.0,
                    "aspect_ratio": 1.3333333
                },
                {
                    "resolution_name": "6144 x 768 | RED 6K 8:1",
                    "width": 6144,
                    "height": 768,
                    "storage_aspect_ratio": 8.0,
                    "display_aspect_ratio": 8.0,
                    "pixel_aspect_ratio": 1.0,
                    "aspect_ratio": 8.0
                },
                {
                    "resolution_name": "6144 x 1536 | RED 6K 4:1",
                    "width": 6144,
                    "height": 1536,
                    "storage_aspect_ratio": 4.0,
                    "display_aspect_ratio": 4.0,
                    "pixel_aspect_ratio": 1.0,
                    "aspect_ratio": 4.0
                },
                {
                    "resolution_name": "6144 x 2592 | RED 6K 2.37 WS",
                    "width": 6144,
                    "height": 2592,
                    "storage_aspect_ratio": 2.3703704,
                    "display_aspect_ratio": 2.3703704,
                    "pixel_aspect_ratio": 1.0,
                    "aspect_ratio": 2.3703704
                },
                {
                    "resolution_name": "6144 x 3072 | RED 6K 2:1",
                    "width": 6144,
                    "height": 3072,
                    "storage_aspect_ratio": 2.0,
                    "display_aspect_ratio": 2.0,
                    "pixel_aspect_ratio": 1.0,
                    "aspect_ratio": 2.0
                },
                {
                    "resolution_name": "6144 x 3160 | RED 6K Full",
                    "width": 6144,
                    "height": 3160,
                    "storage_aspect_ratio": 1.9443038,
                    "display_aspect_ratio": 1.9443038,
                    "pixel_aspect_ratio": 1.0,
                    "aspect_ratio": 1.9443038
                },
                {
                    "resolution_name": "6144 x 3240 | RED 6K Full 17:9",
                    "width": 6144,
                    "height": 3240,
                    "storage_aspect_ratio": 1.8962963,
                    "display_aspect_ratio": 1.8962963,
                    "pixel_aspect_ratio": 1.0,
                    "aspect_ratio": 1.8962963
                }
            ]
        }
    ]
}