{
    "group": "Sony Camera Resolutions",
    "items": [
        {
            "separator": true,
            "separator_name": "+ ----------- Sony (Anamorphic) ------------------ +",
            "items": [
                {
                    "resolution_name": "4096 x 2160 | Sony 4K 17:9 Ana 1.25x",
                    "width": 4096,
                    "height": 2160,
                    "storage_aspect_ratio": 1.8962963,
                    "display_aspect_ratio": 2.3703704,
                    "pixel_aspect_ratio": 1.25,
                    "aspect_ratio": 2.3703704
                },
                {
                    "resolution_name": "4096 x 2160 | Sony 4K 17:9 Ana 1.3x",
                    "width": 4096,
                    "height": 2160,
                    "storage_aspect_ratio": 1.8962963,
                    "display_aspect_ratio": 2.4651852,
                    "pixel_aspect_ratio": 1.3,
                    "aspect_ratio": 2.4651852
                },
                {
                    "resolution_name": "4096 x 2160 | Sony 4K 17:9 Ana 2.0x",
                    "width": 4096,
                    "height": 2160,
                    "storage_aspect_ratio": 1.8962963,
                    "display_aspect_ratio": 3.7925926,
                    "pixel_aspect_ratio": 2.0,
                    "aspect_ratio": 3.7925926
                },
                {
                    "resolution_name": "4096 x 3024 | Sony 4K 4:3 Ana 1.3x",
                    "width": 4096,
                    "height": 3024,
                    "storage_aspect_ratio": 1.3544974,
                    "display_aspect_ratio": 1.7608466,
                    "pixel_aspect_ratio": 1.3,
                    "aspect_ratio": 1.7608466
                },
                {
                    "resolution_name": "4096 x 3024 | Sony 4K 4:3 Ana 2.0x",
                    "width": 4096,
                    "height": 3024,
                    "storage_aspect_ratio": 1.3544974,
                    "display_aspect_ratio": 2.7089947,
                    "pixel_aspect_ratio": 2.0,
                    "aspect_ratio": 2.7089947
                },
                {
                    "resolution_name": "4096 x 3432 | Sony 4K 6:5 Ana 2.0x",
                    "width": 4096,
                    "height": 3432,
                    "storage_aspect_ratio": 1.1934732,
                    "display_aspect_ratio": 2.3869464,
                    "pixel_aspect_ratio": 2.0,
                    "aspect_ratio": 2.3869464
                },
                {
                    "resolution_name": "5434 x 3056 | Sony 5.4K 16:9 Ana 1.25x",
                    "width": 5434,
                    "height": 3056,
                    "storage_aspect_ratio": 1.7781414,
                    "display_aspect_ratio": 2.2226767,
                    "pixel_aspect_ratio": 1.25,
                    "aspect_ratio": 2.2226767
                },
                {
                    "resolution_name": "5434 x 3056 | Sony 5.4K 16:9 Ana 1.3x",
                    "width": 5434,
                    "height": 3056,
                    "storage_aspect_ratio": 1.7781414,
                    "display_aspect_ratio": 2.3115838,
                    "pixel_aspect_ratio": 1.3,
                    "aspect_ratio": 2.3115838
                },
                {
                    "resolution_name": "5434 x 3056 | Sony 5.4K 16:9 Ana 2.0x",
                    "width": 5434,
                    "height": 3056,
                    "storage_aspect_ratio": 1.7781414,
                    "display_aspect_ratio": 3.5562827,
                    "pixel_aspect_ratio": 2.0,
                    "aspect_ratio": 3.5562827
                },
                {
                    "resolution_name": "5760 x 3036 | Sony 5.8K 17:9 Ana 1.25x",
                    "width": 5760,
                    "height": 3036,
                    "storage_aspect_ratio": 1.8972332,
                    "display_aspect_ratio": 2.3715415,
                    "pixel_aspect_ratio": 1.25,
                    "aspect_ratio": 2.3715415
                },
                {
                    "resolution_name": "5760 x 3036 | Sony 5.8K 17:9 Ana 1.3x",
                    "width": 5760,
                    "height": 3036,
                    "storage_aspect_ratio": 1.8972332,
                    "display_aspect_ratio": 2.4664032,
                    "pixel_aspect_ratio": 1.3,
                    "aspect_ratio": 2.4664032
                },
                {
                    "resolution_name": "5760 x 3036 | Sony 5.8K 17:9 Ana 2.0x",
                    "width": 5760,
                    "height": 3036,
                    "storage_aspect_ratio": 1.8972332,
                    "display_aspect_ratio": 3.7944664,
                    "pixel_aspect_ratio": 2.0,
                    "aspect_ratio": 3.7944664
                },
                {
                    "resolution_name": "5760 x 3240 | Sony 5.8K 16:9 Ana 1.25x",
                    "width": 5760,
                    "height": 3240,
                    "storage_aspect_ratio": 1.7777778,
                    "display_aspect_ratio": 2.2222222,
                    "pixel_aspect_ratio": 1.25,
                    "aspect_ratio": 2.2222222
                },
                {
                    "resolution_name": "5760 x 3240 | Sony 5.8K 16:9 Ana 1.3x",
                    "width": 5760,
                    "height": 3240,
                    "storage_aspect_ratio": 1.7777778,
                    "display_aspect_ratio": 2.3111111,
                    "pixel_aspect_ratio": 1.3,
                    "aspect_ratio": 2.3111111
                },
                {
                    "resolution_name": "5760 x 3240 | Sony 5.8K 16:9 Ana 2.0x",
                    "width": 5760,
                    "height": 3240,
                    "storage_aspect_ratio": 1.7777778,
                    "display_aspect_ratio": 3.5555556,
                    "pixel_aspect_ratio": 2.0,
                    "aspect_ratio": 3.5555556
                },
                {
                    "resolution_name": "5792 x 4854 | Sony 5.8K 6:5 Ana 1.25x",
                    "width": 5792,
                    "height": 4854,
                    "storage_aspect_ratio": 1.1932427,
                    "display_aspect_ratio": 1.4915534,
                    "pixel_aspect_ratio": 1.25,
                    "aspect_ratio": 1.4915534
                },
                {
                    "resolution_name": "5792 x 4854 | Sony 5.8K 6:5 Ana 1.3x",
                    "width": 5792,
                    "height": 4854,
                    "storage_aspect_ratio": 1.1932427,
                    "display_aspect_ratio": 1.5512155,
                    "pixel_aspect_ratio": 1.3,
                    "aspect_ratio": 1.5512155
                },
                {
                    "resolution_name": "5792 x 4854 | Sony 5.8K 6:5 Ana 2.0x",
                    "width": 5792,
                    "height": 4854,
                    "storage_aspect_ratio": 1.1932427,
                    "display_aspect_ratio": 2.3864854,
                    "pixel_aspect_ratio": 2.0,
                    "aspect_ratio": 2.3864854
                },
                {
                    "resolution_name": "6048 x 3190 | Sony 6K 17:9 Ana 1.25x",
                    "width": 6048,
                    "height": 3190,
                    "storage_aspect_ratio": 1.8959248,
                    "display_aspect_ratio": 2.369906,
                    "pixel_aspect_ratio": 1.25,
                    "aspect_ratio": 2.369906
                },
                {
                    "resolution_name": "6048 x 3190 | Sony 6K 17:9 Ana 1.3x",
                    "width": 6048,
                    "height": 3190,
                    "storage_aspect_ratio": 1.8959248,
                    "display_aspect_ratio": 2.4647022,
                    "pixel_aspect_ratio": 1.3,
                    "aspect_ratio": 2.4647022
                },
                {
                    "resolution_name": "6048 x 3190 | Sony 6K 17:9 Ana 2.0x",
                    "width": 6048,
                    "height": 3190,
                    "storage_aspect_ratio": 1.8959248,
                    "display_aspect_ratio": 3.7918495,
                    "pixel_aspect_ratio": 2.0,
                    "aspect_ratio": 3.7918495
                },
                {
                    "resolution_name": "6048 x 4032 | Sony 6K 3:2 Ana 1.25x",
                    "width": 6048,
                    "height": 4032,
                    "storage_aspect_ratio": 1.5,
                    "display_aspect_ratio": 1.875,
                    "pixel_aspect_ratio": 1.25,
                    "aspect_ratio": 1.875
                },
                {
                    "resolution_name": "6048 x 4032 | Sony 6K 3:2 Ana 1.3x",
                    "width": 6048,
                    "height": 4032,
                    "storage_aspect_ratio": 1.5,
                    "display_aspect_ratio": 1.95,
                    "pixel_aspect_ratio": 1.3,
                    "aspect_ratio": 1.95
                },
                {
                    "resolution_name": "6048 x 4032 | Sony 6K 3:2 Ana 1.5x",
                    "width": 6048,
                    "height": 4032,
                    "storage_aspect_ratio": 1.5,
                    "display_aspect_ratio": 2.25,
                    "pixel_aspect_ratio": 1.5,
                    "aspect_ratio": 2.25
                },
                {
                    "resolution_name": "6048 x 4032 | Sony 6K 3:2 Ana 1.8x",
                    "width": 6048,
                    "height": 4032,
                    "storage_aspect_ratio": 1.5,
                    "display_aspect_ratio": 2.7,
                    "pixel_aspect_ratio": 1.8,
                    "aspect_ratio": 2.7
                },
                {
                    "resolution_name": "6048 x 4032 | Sony 6K 3:2 Ana 2.0x",
                    "width": 6048,
                    "height": 4032,
                    "storage_aspect_ratio": 1.5,
                    "display_aspect_ratio": 3.0,
                    "pixel_aspect_ratio": 2.0,
                    "aspect_ratio": 3.0
                },
                {
                    "resolution_name": "6052 x 3192 | Sony 6K 17:9 Ana 1.25x",
                    "width": 6052,
                    "height": 3192,
                    "storage_aspect_ratio": 1.89599,
                    "display_aspect_ratio": 2.3699875,
                    "pixel_aspect_ratio": 1.25,
                    "aspect_ratio": 2.3699875
                },
                {
                    "resolution_name": "6052 x 3192 | Sony 6K 17:9 Ana 1.3x",
                    "width": 6052,
                    "height": 3192,
                    "storage_aspect_ratio": 1.89599,
                    "display_aspect_ratio": 2.464787,
                    "pixel_aspect_ratio": 1.3,
                    "aspect_ratio": 2.464787
                },
                {
                    "resolution_name": "6052 x 3192 | Sony 6K 17:9 Ana 2.0x",
                    "width": 6052,
                    "height": 3192,
                    "storage_aspect_ratio": 1.89599,
                    "display_aspect_ratio": 3.7919799,
                    "pixel_aspect_ratio": 2.0,
                    "aspect_ratio": 3.7919799
                },
                {
                    "resolution_name": "6052 x 3404 | Sony 6K 16:9 Ana 1.25x",
                    "width": 6052,
                    "height": 3404,
                    "storage_aspect_ratio": 1.7779083,
                    "display_aspect_ratio": 2.2223854,
                    "pixel_aspect_ratio": 1.25,
                    "aspect_ratio": 2.2223854
                },
                {
                    "resolution_name": "6052 x 3404 | Sony 6K 16:9 Ana 1.3x",
                    "width": 6052,
                    "height": 3404,
                    "storage_aspect_ratio": 1.7779083,
                    "display_aspect_ratio": 2.3112808,
                    "pixel_aspect_ratio": 1.3,
                    "aspect_ratio": 2.3112808
                },
                {
                    "resolution_name": "6052 x 3404 | Sony 6K 16:9 Ana 2.0x",
                    "width": 6052,
                    "height": 3404,
                    "storage_aspect_ratio": 1.7779083,
                    "display_aspect_ratio": 3.5558167,
                    "pixel_aspect_ratio": 2.0,
                    "aspect_ratio": 3.5558167
                },
                {
                    "resolution_name": "8192 x 4320 | Sony 8.2K 17:9 Ana 1.25x",
                    "width": 8192,
                    "height": 4320,
                    "storage_aspect_ratio": 1.8962963,
                    "display_aspect_ratio": 2.3703704,
                    "pixel_aspect_ratio": 1.25,
                    "aspect_ratio": 2.3703704
                },
                {
                    "resolution_name": "8192 x 4320 | Sony 8.2K 17:9 Ana 1.3x",
                    "width": 8192,
                    "height": 4320,
                    "storage_aspect_ratio": 1.8962963,
                    "display_aspect_ratio": 2.4651852,
                    "pixel_aspect_ratio": 1.3,
                    "aspect_ratio": 2.4651852
                },
                {
                    "resolution_name": "8192 x 4320 | Sony 8.2K 17:9 Ana 2.0x",
                    "width": 8192,
                    "height": 4320,
                    "storage_aspect_ratio": 1.8962963,
                    "display_aspect_ratio": 3.7925926,
                    "pixel_aspect_ratio": 2.0,
                    "aspect_ratio": 3.7925926
                },
                {
                    "resolution_name": "8632 x 4552 | Sony 8.6K 17:9 Ana 1.25x",
                    "width": 8632,
                    "height": 4552,
                    "storage_aspect_ratio": 1.8963093,
                    "display_aspect_ratio": 2.3703866,
                    "pixel_aspect_ratio": 1.25,
                    "aspect_ratio": 2.3703866
                },
                {
                    "resolution_name": "8632 x 4552 | Sony 8.6K 17:9 Ana 1.3x",
                    "width": 8632,
                    "height": 4552,
                    "storage_aspect_ratio": 1.8963093,
                    "display_aspect_ratio": 2.4652021,
                    "pixel_aspect_ratio": 1.3,
                    "aspect_ratio": 2.4652021
                },
                {
                    "resolution_name": "8632 x 4552 | Sony 8.6K 17:9 Ana 2.0x",
                    "width": 8632,
                    "height": 4552,
                    "storage_aspect_ratio": 1.8963093,
                    "display_aspect_ratio": 3.7926186,
                    "pixel_aspect_ratio": 2.0,
                    "aspect_ratio": 3.7926186
                },
                {
                    "resolution_name": "8632 x 4856 | Sony 8.6K 16:9 Ana 1.25x",
                    "width": 8632,
                    "height": 4856,
                    "storage_aspect_ratio": 1.7775947,
                    "display_aspect_ratio": 2.2219934,
                    "pixel_aspect_ratio": 1.25,
                    "aspect_ratio": 2.2219934
                },
                {
                    "resolution_name": "8632 x 4856 | Sony 8.6K 16:9 Ana 1.3x",
                    "width": 8632,
                    "height": 4856,
                    "storage_aspect_ratio": 1.7775947,
                    "display_aspect_ratio": 2.3108731,
                    "pixel_aspect_ratio": 1.3,
                    "aspect_ratio": 2.3108731
                },
                {
                    "resolution_name": "8632 x 4856 | Sony 8.6K 16:9 Ana 2.0x",
                    "width": 8632,
                    "height": 4856,
                    "storage_aspect_ratio": 1.7775947,
                    "display_aspect_ratio": 3.5551895,
                    "pixel_aspect_ratio": 2.0,
                    "aspect_ratio": 3.5551895
                },
                {
                    "resolution_name": "8640 x 5760 | Sony 8.6K 3:2 Ana 1.25x",
                    "width": 8640,
                    "height": 5760,
                    "storage_aspect_ratio": 1.5,
                    "display_aspect_ratio": 1.875,
                    "pixel_aspect_ratio": 1.25,
                    "aspect_ratio": 1.875
                },
                {
                    "resolution_name": "8640 x 5760 | Sony 8.6K 3:2 Ana 1.3x",
                    "width": 8640,
                    "height": 5760,
                    "storage_aspect_ratio": 1.5,
                    "display_aspect_ratio": 1.95,
                    "pixel_aspect_ratio": 1.3,
                    "aspect_ratio": 1.95
                },
                {
                    "resolution_name": "8640 x 5760 | Sony 8.6K 3:2 Ana 1.5x",
                    "width": 8640,
                    "height": 5760,
                    "storage_aspect_ratio": 1.5,
                    "display_aspect_ratio": 2.25,
                    "pixel_aspect_ratio": 1.5,
                    "aspect_ratio": 2.25
                },
                {
                    "resolution_name": "8640 x 5760 | Sony 8.6K 3:2 Ana 1.8x",
                    "width": 8640,
                    "height": 5760,
                    "storage_aspect_ratio": 1.5,
                    "display_aspect_ratio": 2.7,
                    "pixel_aspect_ratio": 1.8,
                    "aspect_ratio": 2.7
                },
                {
                    "resolution_name": "8640 x 5760 | Sony 8.6K 3:2 Ana 2.0x",
                    "width": 8640,
                    "height": 5760,
                    "storage_aspect_ratio": 1.5,
                    "display_aspect_ratio": 3.0,
                    "pixel_aspect_ratio": 2.0,
                    "aspect_ratio": 3.0
                }
            ]
        }
    ]
}