{
    "group": "RED Camera Resolutions",
    "items": [
        {
            "separator": true,
            "separator_name": "+ ----------- RED 5K - Anamorphic ---------------- +",
            "items": [
                {
                    "resolution_name": "3240 x 2700 | RED 5K 6:5 Ana 1.3x",
                    "width": 3240,
                    "height": 2700,
                    "storage_aspect_ratio": 1.2,
                    "display_aspect_ratio": 1.56,
                    "pixel_aspect_ratio": 1.3,
                    "aspect_ratio": 1.56
                },
                {
                    "resolution_name": "3300 x 2700 | RED 5K 1.2 Ana 1.3x",
                    "width": 3300,
                    "height": 2700,
                    "storage_aspect_ratio": 1.2222222,
                    "display_aspect_ratio": 1.5888889,
                    "pixel_aspect_ratio": 1.3,
                    "aspect_ratio": 1.5888889
                },
                {
                    "resolution_name": "4800 x 2700 | RED 5K 16:9 Ana 1.3x",
                    "width": 4800,
                    "height": 2700,
                    "storage_aspect_ratio": 1.7777778,
                    "display_aspect_ratio": 2.3111111,
                    "pixel_aspect_ratio": 1.3,
                    "aspect_ratio": 2.3111111
                },
                {
                    "resolution_name": "5120 x 640 | RED 5K 8:1 Ana 1.3x",
                    "width": 5120,
                    "height": 640,
                    "storage_aspect_ratio": 8.0,
                    "display_aspect_ratio": 10.4,
                    "pixel_aspect_ratio": 1.3,
                    "aspect_ratio": 10.4
                },
                {
                    "resolution_name": "5120 x 1280 | RED 5K 4:1 Ana 1.3x",
                    "width": 5120,
                    "height": 1280,
                    "storage_aspect_ratio": 4.0,
                    "display_aspect_ratio": 5.2,
                    "pixel_aspect_ratio": 1.3,
                    "aspect_ratio": 5.2
                },
                {
                    "resolution_name": "5120 x 2160 | RED 5K 2.37 WS Ana 1.3x",
                    "width": 5120,
                    "height": 2160,
                    "storage_aspect_ratio": 2.3703704,
                    "display_aspect_ratio": 3.0814815,
                    "pixel_aspect_ratio": 1.3,
                    "aspect_ratio": 3.0814815
                },
                {
                    "resolution_name": "5120 x 2560 | RED 5K 2:1 Ana 1.3x",
                    "width": 5120,
                    "height": 2560,
                    "storage_aspect_ratio": 2.0,
                    "display_aspect_ratio": 2.6,
                    "pixel_aspect_ratio": 1.3,
                    "aspect_ratio": 2.6
                },
                {
                    "resolution_name": "5120 x 2700 | RED 5K Full Ana 1.3x",
                    "width": 5120,
                    "height": 2700,
                    "storage_aspect_ratio": 1.8962963,
                    "display_aspect_ratio": 2.4651852,
                    "pixel_aspect_ratio": 1.3,
                    "aspect_ratio": 2.4651852
                },
                {
                    "resolution_name": "3240 x 2700 | RED 5K 6:5 Ana 2.0x",
                    "width": 3240,
                    "height": 2700,
                    "storage_aspect_ratio": 1.2,
                    "display_aspect_ratio": 2.4,
                    "pixel_aspect_ratio": 2.0,
                    "aspect_ratio": 2.4
                },
                {
                    "resolution_name": "3300 x 2700 | RED 5K 1.2 Ana 2.0x",
                    "width": 3300,
                    "height": 2700,
                    "storage_aspect_ratio": 1.2222222,
                    "display_aspect_ratio": 2.4444444,
                    "pixel_aspect_ratio": 2.0,
                    "aspect_ratio": 2.4444444
                },
                {
                    "resolution_name": "4800 x 2700 | RED 5K 16:9 Ana 2.0x",
                    "width": 4800,
                    "height": 2700,
                    "storage_aspect_ratio": 1.7777778,
                    "display_aspect_ratio": 3.5555556,
                    "pixel_aspect_ratio": 2.0,
                    "aspect_ratio": 3.5555556
                },
                {
                    "resolution_name": "5120 x 640 | RED 5K 8:1 Ana 2.0x",
                    "width": 5120,
                    "height": 640,
                    "storage_aspect_ratio": 8.0,
                    "display_aspect_ratio": 16.0,
                    "pixel_aspect_ratio": 2.0,
                    "aspect_ratio": 16.0
                },
                {
                    "resolution_name": "5120 x 1280 | RED 5K 4:1 Ana 2.0x",
                    "width": 5120,
                    "height": 1280,
                    "storage_aspect_ratio": 4.0,
                    "display_aspect_ratio": 8.0,
                    "pixel_aspect_ratio": 2.0,
                    "aspect_ratio": 8.0
                },
                {
                    "resolution_name": "5120 x 2160 | RED 5K 2.37 WS Ana 2.0x",
                    "width": 5120,
                    "height": 2160,
                    "storage_aspect_ratio": 2.3703704,
                    "display_aspect_ratio": 4.7407407,
                    "pixel_aspect_ratio": 2.0,
                    "aspect_ratio": 4.7407407
                },
                {
                    "resolution_name": "5120 x 2560 | RED 5K 2:1 Ana 2.0x",
                    "width": 5120,
                    "height": 2560,
                    "storage_aspect_ratio": 2.0,
                    "display_aspect_ratio": 4.0,
                    "pixel_aspect_ratio": 2.0,
                    "aspect_ratio": 4.0
                },
                {
                    "resolution_name": "5120 x 2700 | RED 5K Full Ana 2.0x",
                    "width": 5120,
                    "height": 2700,
                    "storage_aspect_ratio": 1.8962963,
                    "display_aspect_ratio": 3.7925926,
                    "pixel_aspect_ratio": 2.0,
                    "aspect_ratio": 3.7925926
                }
            ]
        }
    ]
}