{
    "group": "RED Camera Resolutions",
    "items": [
        {
            "separator": true,
            "separator_name": "+ ----------- RED 6.5K - Anamorphic -------------- +",
            "items": [
                {
                    "resolution_name": "6144 x 3456 | RED 6.5K 16:9 Ana 1.3x",
                    "width": 6144,
                    "height": 3456,
                    "storage_aspect_ratio": 1.7777778,
                    "display_aspect_ratio": 2.3111111,
                    "pixel_aspect_ratio": 1.3,
                    "aspect_ratio": 2.3111111
                },
                {
                    "resolution_name": "6656 x 832 | RED 6.5K 8:1 Ana 1.3x",
                    "width": 6656,
                    "height": 832,
                    "storage_aspect_ratio": 8.0,
                    "display_aspect_ratio": 10.4,
                    "pixel_aspect_ratio": 1.3,
                    "aspect_ratio": 10.4
                },
                {
                    "resolution_name": "6656 x 1664 | RED 6.5K 4:1 Ana 1.3x",
                    "width": 6656,
                    "height": 1664,
                    "storage_aspect_ratio": 4.0,
                    "display_aspect_ratio": 5.2,
                    "pixel_aspect_ratio": 1.3,
                    "aspect_ratio": 5.2
                },
                {
                    "resolution_name": "6656 x 2808 | RED 6.5K 2.37 WS Ana 1.3x",
                    "width": 6656,
                    "height": 2808,
                    "storage_aspect_ratio": 2.3703704,
                    "display_aspect_ratio": 3.0814815,
                    "pixel_aspect_ratio": 1.3,
                    "aspect_ratio": 3.0814815
                },
                {
                    "resolution_name": "6656 x 3328 | RED 6.5K 2:1 Ana 1.3x",
                    "width": 6656,
                    "height": 3328,
                    "storage_aspect_ratio": 2.0,
                    "display_aspect_ratio": 2.6,
                    "pixel_aspect_ratio": 1.3,
                    "aspect_ratio": 2.6
                },
                {
                    "resolution_name": "6656 x 3536 | RED 6.5K Full Ana 1.3x",
                    "width": 6656,
                    "height": 3536,
                    "storage_aspect_ratio": 1.8823529,
                    "display_aspect_ratio": 2.4470588,
                    "pixel_aspect_ratio": 1.3,
                    "aspect_ratio": 2.4470588
                },
                {
                    "resolution_name": "6144 x 3456 | RED 6.5K 16:9 Ana 2.0x",
                    "width": 6144,
                    "height": 3456,
                    "storage_aspect_ratio": 1.7777778,
                    "display_aspect_ratio": 3.5555556,
                    "pixel_aspect_ratio": 2.0,
                    "aspect_ratio": 3.5555556
                },
                {
                    "resolution_name": "6656 x 832 | RED 6.5K 8:1 Ana 2.0x",
                    "width": 6656,
                    "height": 832,
                    "storage_aspect_ratio": 8.0,
                    "display_aspect_ratio": 16.0,
                    "pixel_aspect_ratio": 2.0,
                    "aspect_ratio": 16.0
                },
                {
                    "resolution_name": "6656 x 1664 | RED 6.5K 4:1 Ana 2.0x",
                    "width": 6656,
                    "height": 1664,
                    "storage_aspect_ratio": 4.0,
                    "display_aspect_ratio": 8.0,
                    "pixel_aspect_ratio": 2.0,
                    "aspect_ratio": 8.0
                },
                {
                    "resolution_name": "6656 x 2808 | RED 6.5K 2.37 WS Ana 2.0x",
                    "width": 6656,
                    "height": 2808,
                    "storage_aspect_ratio": 2.3703704,
                    "display_aspect_ratio": 4.7407407,
                    "pixel_aspect_ratio": 2.0,
                    "aspect_ratio": 4.7407407
                },
                {
                    "resolution_name": "6656 x 3328 | RED 6.5K 2:1 Ana 2.0x",
                    "width": 6656,
                    "height": 3328,
                    "storage_aspect_ratio": 2.0,
                    "display_aspect_ratio": 4.0,
                    "pixel_aspect_ratio": 2.0,
                    "aspect_ratio": 4.0
                },
                {
                    "resolution_name": "6656 x 3536 | RED 6.5K Full Ana 2.0x",
                    "width": 6656,
                    "height": 3536,
                    "storage_aspect_ratio": 1.8823529,
                    "display_aspect_ratio": 3.7647059,
                    "pixel_aspect_ratio": 2.0,
                    "aspect_ratio": 3.7647059
                }
            ]
        }
    ]
}