{
    "group": "RED Camera Resolutions",
    "items": [
        {
            "separator": true,
            "separator_name": "+ ----------- RED 2K - Anamorphic ---------------- +",
            "items": [
                {
                    "resolution_name": "1296 x 1080 | RED 2K 6:5 Ana 1.3x",
                    "width": 1296,
                    "height": 1080,
                    "storage_aspect_ratio": 1.2,
                    "display_aspect_ratio": 1.56,
                    "pixel_aspect_ratio": 1.3,
                    "aspect_ratio": 1.56
                },
                {
                    "resolution_name": "1408 x 1152 | RED 2K Ana 1.3x",
                    "width": 1408,
                    "height": 1152,
                    "storage_aspect_ratio": 1.2222222,
                    "display_aspect_ratio": 1.5888889,
                    "pixel_aspect_ratio": 1.3,
                    "aspect_ratio": 1.5888889
                },
                {
                    "resolution_name": "1920 x 1080 | RED HD 16:9 Ana 1.3x",
                    "width": 1920,
                    "height": 1080,
                    "storage_aspect_ratio": 1.7777778,
                    "display_aspect_ratio": 2.3111111,
                    "pixel_aspect_ratio": 1.3,
                    "aspect_ratio": 2.3111111
                },
                {
                    "resolution_name": "1920 x 1280 | RED 2K 3:2 Ana 1.3x",
                    "width": 1920,
                    "height": 1280,
                    "storage_aspect_ratio": 1.5,
                    "display_aspect_ratio": 1.95,
                    "pixel_aspect_ratio": 1.3,
                    "aspect_ratio": 1.95
                },
                {
                    "resolution_name": "1920 x 1440 | RED 2K 4:3 Ana 1.3x",
                    "width": 1920,
                    "height": 1440,
                    "storage_aspect_ratio": 1.3333333,
                    "display_aspect_ratio": 1.7333333,
                    "pixel_aspect_ratio": 1.3,
                    "aspect_ratio": 1.7333333
                },
                {
                    "resolution_name": "1920 x 1536 | RED 2K 5:4 Ana 1.3x",
                    "width": 1920,
                    "height": 1536,
                    "storage_aspect_ratio": 1.25,
                    "display_aspect_ratio": 1.625,
                    "pixel_aspect_ratio": 1.3,
                    "aspect_ratio": 1.625
                },
                {
                    "resolution_name": "2048 x 256 | RED 2K 8:1 Ana 1.3x",
                    "width": 2048,
                    "height": 256,
                    "storage_aspect_ratio": 8.0,
                    "display_aspect_ratio": 10.4,
                    "pixel_aspect_ratio": 1.3,
                    "aspect_ratio": 10.4
                },
                {
                    "resolution_name": "2048 x 512 | RED 2K 4:1 Ana 1.3x",
                    "width": 2048,
                    "height": 512,
                    "storage_aspect_ratio": 4.0,
                    "display_aspect_ratio": 5.2,
                    "pixel_aspect_ratio": 1.3,
                    "aspect_ratio": 5.2
                },
                {
                    "resolution_name": "2048 x 854 | RED 2K 2.39 WS Ana 1.3x",
                    "width": 2048,
                    "height": 854,
                    "storage_aspect_ratio": 2.3981265,
                    "display_aspect_ratio": 3.1175644,
                    "pixel_aspect_ratio": 1.3,
                    "aspect_ratio": 3.1175644
                },
                {
                    "resolution_name": "2048 x 864 | RED 2K 2.37 WS Ana 1.3x",
                    "width": 2048,
                    "height": 864,
                    "storage_aspect_ratio": 2.3703704,
                    "display_aspect_ratio": 3.0814815,
                    "pixel_aspect_ratio": 1.3,
                    "aspect_ratio": 3.0814815
                },
                {
                    "resolution_name": "2048 x 1024 | RED 2K 2:1 Ana 1.3x",
                    "width": 2048,
                    "height": 1024,
                    "storage_aspect_ratio": 2.0,
                    "display_aspect_ratio": 2.6,
                    "pixel_aspect_ratio": 1.3,
                    "aspect_ratio": 2.6
                },
                {
                    "resolution_name": "2048 x 1080 | RED 2K Full Ana 1.3x",
                    "width": 2048,
                    "height": 1080,
                    "storage_aspect_ratio": 1.8962963,
                    "display_aspect_ratio": 2.4651852,
                    "pixel_aspect_ratio": 1.3,
                    "aspect_ratio": 2.4651852
                },
                {
                    "resolution_name": "2048 x 1152 | RED 2K 16:9 Ana 1.3x",
                    "width": 2048,
                    "height": 1152,
                    "storage_aspect_ratio": 1.7777778,
                    "display_aspect_ratio": 2.3111111,
                    "pixel_aspect_ratio": 1.3,
                    "aspect_ratio": 2.3111111
                },
                {
                    "resolution_name": "1296 x 1080 | RED 2K 6:5 Ana 2.0x",
                    "width": 1296,
                    "height": 1080,
                    "storage_aspect_ratio": 1.2,
                    "display_aspect_ratio": 2.4,
                    "pixel_aspect_ratio": 2.0,
                    "aspect_ratio": 2.4
                },
                {
                    "resolution_name": "1408 x 1152 | RED 2K Ana 2.0x",
                    "width": 1408,
                    "height": 1152,
                    "storage_aspect_ratio": 1.2222222,
                    "display_aspect_ratio": 2.4444444,
                    "pixel_aspect_ratio": 2.0,
                    "aspect_ratio": 2.4444444
                },
                {
                    "resolution_name": "1920 x 1080 | RED HD 16:9 Ana 2.0x",
                    "width": 1920,
                    "height": 1080,
                    "storage_aspect_ratio": 1.7777778,
                    "display_aspect_ratio": 3.5555556,
                    "pixel_aspect_ratio": 2.0,
                    "aspect_ratio": 3.5555556
                },
                {
                    "resolution_name": "1920 x 1280 | RED 2K 3:2 Ana 2.0x",
                    "width": 1920,
                    "height": 1280,
                    "storage_aspect_ratio": 1.5,
                    "display_aspect_ratio": 3.0,
                    "pixel_aspect_ratio": 2.0,
                    "aspect_ratio": 3.0
                },
                {
                    "resolution_name": "1920 x 1440 | RED 2K 4:3 Ana 2.0x",
                    "width": 1920,
                    "height": 1440,
                    "storage_aspect_ratio": 1.3333333,
                    "display_aspect_ratio": 2.6666667,
                    "pixel_aspect_ratio": 2.0,
                    "aspect_ratio": 2.6666667
                },
                {
                    "resolution_name": "1920 x 1536 | RED 2K 5:4 Ana 2.0x",
                    "width": 1920,
                    "height": 1536,
                    "storage_aspect_ratio": 1.25,
                    "display_aspect_ratio": 2.5,
                    "pixel_aspect_ratio": 2.0,
                    "aspect_ratio": 2.5
                },
                {
                    "resolution_name": "2048 x 256 | RED 2K 8:1 Ana 2.0x",
                    "width": 2048,
                    "height": 256,
                    "storage_aspect_ratio": 8.0,
                    "display_aspect_ratio": 16.0,
                    "pixel_aspect_ratio": 2.0,
                    "aspect_ratio": 16.0
                },
                {
                    "resolution_name": "2048 x 512 | RED 2K 4:1 Ana 2.0x",
                    "width": 2048,
                    "height": 512,
                    "storage_aspect_ratio": 4.0,
                    "display_aspect_ratio": 8.0,
                    "pixel_aspect_ratio": 2.0,
                    "aspect_ratio": 8.0
                },
                {
                    "resolution_name": "2048 x 854 | RED 2K 2.39 WS Ana 2.0x",
                    "width": 2048,
                    "height": 854,
                    "storage_aspect_ratio": 2.3981265,
                    "display_aspect_ratio": 4.7962529,
                    "pixel_aspect_ratio": 2.0,
                    "aspect_ratio": 4.7962529
                },
                {
                    "resolution_name": "2048 x 864 | RED 2K 2.37 WS Ana 2.0x",
                    "width": 2048,
                    "height": 864,
                    "storage_aspect_ratio": 2.3703704,
                    "display_aspect_ratio": 4.7407407,
                    "pixel_aspect_ratio": 2.0,
                    "aspect_ratio": 4.7407407
                },
                {
                    "resolution_name": "2048 x 1024 | RED 2K 2:1 Ana 2.0x",
                    "width": 2048,
                    "height": 1024,
                    "storage_aspect_ratio": 2.0,
                    "display_aspect_ratio": 4.0,
                    "pixel_aspect_ratio": 2.0,
                    "aspect_ratio": 4.0
                },
                {
                    "resolution_name": "2048 x 1080 | RED 2K Full Ana 2.0x",
                    "width": 2048,
                    "height": 1080,
                    "storage_aspect_ratio": 1.8962963,
                    "display_aspect_ratio": 3.7925926,
                    "pixel_aspect_ratio": 2.0,
                    "aspect_ratio": 3.7925926
                },
                {
                    "resolution_name": "2048 x 1152 | RED 2K 16:9 Ana 2.0x",
                    "width": 2048,
                    "height": 1152,
                    "storage_aspect_ratio": 1.7777778,
                    "display_aspect_ratio": 3.5555556,
                    "pixel_aspect_ratio": 2.0,
                    "aspect_ratio": 3.5555556
                }
            ]
        }
    ]
}