{
    "group": "RED Camera Resolutions",
    "items": [
        {
            "separator": true,
            "separator_name": "+ ----------- RED 7K - Anamorphic ---------------- +",
            "items": [
                {
                    "resolution_name": "4536 x 3780 | RED 7K 6:5 Ana 1.3x",
                    "width": 4536,
                    "height": 3780,
                    "storage_aspect_ratio": 1.2,
                    "display_aspect_ratio": 1.56,
                    "pixel_aspect_ratio": 1.3,
                    "aspect_ratio": 1.56
                },
                {
                    "resolution_name": "6720 x 3780 | RED 7K 16:9 Ana 1.3x",
                    "width": 6720,
                    "height": 3780,
                    "storage_aspect_ratio": 1.7777778,
                    "display_aspect_ratio": 2.3111111,
                    "pixel_aspect_ratio": 1.3,
                    "aspect_ratio": 2.3111111
                },
                {
                    "resolution_name": "7168 x 896 | RED 7K 8:1 Ana 1.3x",
                    "width": 7168,
                    "height": 896,
                    "storage_aspect_ratio": 8.0,
                    "display_aspect_ratio": 10.4,
                    "pixel_aspect_ratio": 1.3,
                    "aspect_ratio": 10.4
                },
                {
                    "resolution_name": "7168 x 1792 | RED 7K 4:1 Ana 1.3x",
                    "width": 7168,
                    "height": 1792,
                    "storage_aspect_ratio": 4.0,
                    "display_aspect_ratio": 5.2,
                    "pixel_aspect_ratio": 1.3,
                    "aspect_ratio": 5.2
                },
                {
                    "resolution_name": "7168 x 3024 | RED 7K 2:1 Ana 1.3x",
                    "width": 7168,
                    "height": 3024,
                    "storage_aspect_ratio": 2.3703704,
                    "display_aspect_ratio": 3.0814815,
                    "pixel_aspect_ratio": 1.3,
                    "aspect_ratio": 3.0814815
                },
                {
                    "resolution_name": "7168 x 3584 | RED 7K 2.37 WS Ana 1.3x",
                    "width": 7168,
                    "height": 3584,
                    "storage_aspect_ratio": 2.0,
                    "display_aspect_ratio": 2.6,
                    "pixel_aspect_ratio": 1.3,
                    "aspect_ratio": 2.6
                },
                {
                    "resolution_name": "7168 x 3780 | RED 7K Full Ana 1.3x",
                    "width": 7168,
                    "height": 3780,
                    "storage_aspect_ratio": 1.8962963,
                    "display_aspect_ratio": 2.4651852,
                    "pixel_aspect_ratio": 1.3,
                    "aspect_ratio": 2.4651852
                },
                {
                    "resolution_name": "4536 x 3780 | RED 7K 6:5 Ana 2.0x",
                    "width": 4536,
                    "height": 3780,
                    "storage_aspect_ratio": 1.2,
                    "display_aspect_ratio": 2.4,
                    "pixel_aspect_ratio": 2.0,
                    "aspect_ratio": 2.4
                },
                {
                    "resolution_name": "6720 x 3780 | RED 7K 16:9 Ana 2.0x",
                    "width": 6720,
                    "height": 3780,
                    "storage_aspect_ratio": 1.7777778,
                    "display_aspect_ratio": 3.5555556,
                    "pixel_aspect_ratio": 2.0,
                    "aspect_ratio": 3.5555556
                },
                {
                    "resolution_name": "7168 x 896 | RED 7K 8:1 Ana 2.0x",
                    "width": 7168,
                    "height": 896,
                    "storage_aspect_ratio": 8.0,
                    "display_aspect_ratio": 16.0,
                    "pixel_aspect_ratio": 2.0,
                    "aspect_ratio": 16.0
                },
                {
                    "resolution_name": "7168 x 1792 | RED 7K 4:1 Ana 2.0x",
                    "width": 7168,
                    "height": 1792,
                    "storage_aspect_ratio": 4.0,
                    "display_aspect_ratio": 8.0,
                    "pixel_aspect_ratio": 2.0,
                    "aspect_ratio": 8.0
                },
                {
                    "resolution_name": "7168 x 3024 | RED 7K 2:1 Ana 2.0x",
                    "width": 7168,
                    "height": 3024,
                    "storage_aspect_ratio": 2.3703704,
                    "display_aspect_ratio": 4.7407407,
                    "pixel_aspect_ratio": 2.0,
                    "aspect_ratio": 4.7407407
                },
                {
                    "resolution_name": "7168 x 3584 | RED 7K 2.37 WS Ana 2.0x",
                    "width": 7168,
                    "height": 3584,
                    "storage_aspect_ratio": 2.0,
                    "display_aspect_ratio": 4.0,
                    "pixel_aspect_ratio": 2.0,
                    "aspect_ratio": 4.0
                },
                {
                    "resolution_name": "7168 x 3780 | RED 7K Full Ana 2.0x",
                    "width": 7168,
                    "height": 3780,
                    "storage_aspect_ratio": 1.8962963,
                    "display_aspect_ratio": 3.7925926,
                    "pixel_aspect_ratio": 2.0,
                    "aspect_ratio": 3.7925926
                }
            ]
        }
    ]
}